lag_time,autocorrelation_q_normalized
0.000000e+00,1.000000e+00
1.000000e-01,8.384400e-01
2.000000e-01,7.608133e-01
3.000000e-01,6.992334e-01
4.000000e-01,5.105731e-01
